{
 "db":  {
  "view_n":   [
   "LotDBv2.json",
   "itemInHospitalDB.json",
   "orderdataDB.json",
   "goodsBillingH.json",
   "billingDetail.json",
   "receivingdata.json",
   "payoutData.json",
   "stockManagement.json",
   "inventoryData.json",
   "inventoryByDiv.json",
   "LotDB.json",
   "hacchuShouhin.json",
   "hospitalUserinfo.json",
   "oroshiInfo.json",
   "returnHistory.json",
   "returnData.json",
   "topicsDB.json",
   "requestData.json",
   "receiptHDB.json"
  ],
  "transaction":   [
   "NJ_inventoryTRDB.json",
   "NJ_stocktakingTR.json",
   "NJ_inHpTrdb.json",
   "NJ_comment.json",
   "NJ_reqItemTRDB.json"
  ],
  "normal":   [
   "NJ_HUserDB.json",
   "NJ_HospitalDB.json",
   "NJ_divisionDB.json",
   "NJ_OUserDB.json",
   "NJ_distributorDB.json",
   "NJ_itemDB.json",
   "NJ_inHPItemDB.json",
   "NJ_BillingHDB.json",
   "NJ_BillingDB.json",
   "NJ_OrderHDB.json",
   "NJ_OrderDB.json",
   "NJ_stockDB.json",
   "NJ_ReceivingHDB.json",
   "NJ_ReceivingDB.json",
   "NJ_PayoutHDB.json",
   "NJ_PayoutDB.json",
   "NJ_InventoryHDB.json",
   "NJ_InventoryDB.json",
   "NJ_InventoryEDB.json",
   "NJ_MasterDB.json",
   "NJ_TenantAdminDB.json",
   "NJ_LotDB.json",
   "NJ_ReturnDB.json",
   "NJ_ReturnHDB.json",
   "NJ_QRequestDB.json",
   "NJ_TopicDB.json",
   "NJ_NoticeDB.json",
   "NJ_contactUsDB.json",
   "NJ_reqItemDB.json"
  ]
 },
 "optout": [],
 "select":  {
  "normal":   {
   "NJ_BillingHDB": [],
   "NJ_OrderHDB": [],
   "NJ_ReturnHDB": [],
   "NJ_TopicDB": [],
   "NJ_LotDB": [],
   "NJ_contactUsDB": [],
   "NJ_InventoryDB": [],
   "NJ_PayoutDB": [],
   "NJ_distributorDB": [],
   "NJ_OrderDB": [],
   "NJ_ReceivingDB": [],
   "NJ_inHPItemDB": [],
   "NJ_divisionDB": ["NJ_divisionDB_select_1.json"],
   "NJ_reqItemDB": [],
   "NJ_OUserDB": [],
   "NJ_HUserDB": [],
   "NJ_PayoutHDB": [],
   "NJ_ReceivingHDB": [],
   "NJ_itemDB": ["NJ_itemDB_select_1.json"],
   "NJ_HospitalDB": [],
   "NJ_ReturnDB": [],
   "NJ_stockDB": [],
   "NJ_QRequestDB": [],
   "NJ_BillingDB": [],
   "NJ_InventoryEDB":    [
    "NJ_InventoryEDB_select_1.json",
    "NJ_InventoryEDB_select_2.json"
   ],
   "NJ_InventoryHDB": [],
   "NJ_TenantAdminDB": [],
   "NJ_MasterDB": [],
   "NJ_NoticeDB": []
  },
  "view_n":   {
   "goodsBillingH": [],
   "hacchuShouhin": ["hacchuShouhin_select_1.json"],
   "receiptHDB": [],
   "stockManagement": [],
   "inventoryData": [],
   "payoutData": [],
   "billingDetail": [],
   "LotDB": [],
   "LotDBv2": [],
   "returnHistory": [],
   "inventoryByDiv": [],
   "topicsDB": [],
   "oroshiInfo": [],
   "returnData": [],
   "hospitalUserinfo": [],
   "itemInHospitalDB": ["itemInHospitalDB_select_1.json"],
   "receivingdata": [],
   "requestData": [],
   "orderdataDB":    [
    "orderdataDB_select_1.json",
    "orderdataDB_select_2.json"
   ]
  },
  "transaction":   {
   "NJ_comment": [],
   "NJ_reqItemTRDB": [],
   "NJ_inventoryTRDB": [],
   "NJ_inHpTrdb": [],
   "NJ_stocktakingTR": []
  }
 },
 "constraint":  [
  "NJ_comment_NJ_TopicDB.json",
  "NJ_HUserDB_NJ_TenantAdminDB.json",
  "NJ_HUserDB_NJ_divisionDB.json",
  "NJ_HUserDB_NJ_HospitalDB.json",
  "NJ_HospitalDB_NJ_TenantAdminDB.json",
  "NJ_divisionDB_NJ_HospitalDB.json",
  "NJ_OUserDB_NJ_distributorDB.json",
  "NJ_distributorDB_NJ_HospitalDB.json",
  "NJ_itemDB_NJ_QRequestDB.json",
  "NJ_itemDB_NJ_TenantAdminDB.json",
  "NJ_inHPItemDB_NJ_itemDB.json",
  "NJ_inHPItemDB_NJ_distributorDB.json",
  "NJ_inHPItemDB_NJ_HospitalDB.json",
  "NJ_BillingHDB_NJ_divisionDB.json",
  "NJ_BillingHDB_NJ_HospitalDB.json",
  "NJ_BillingDB_NJ_BillingHDB.json",
  "NJ_BillingDB_NJ_inHPItemDB.json",
  "NJ_OrderHDB_NJ_distributorDB.json",
  "NJ_OrderHDB_NJ_divisionDB.json",
  "NJ_OrderHDB_NJ_HospitalDB.json",
  "NJ_OrderDB_NJ_HospitalDB.json",
  "NJ_OrderDB_NJ_OrderHDB.json",
  "NJ_OrderDB_NJ_inHPItemDB.json",
  "NJ_OrderDB_NJ_divisionDB.json",
  "NJ_OrderDB_NJ_distributorDB.json",
  "NJ_stockDB_NJ_inHPItemDB.json",
  "NJ_stockDB_NJ_distributorDB.json",
  "NJ_stockDB_NJ_divisionDB.json",
  "NJ_ReceivingHDB_NJ_HospitalDB.json",
  "NJ_ReceivingHDB_NJ_divisionDB.json",
  "NJ_ReceivingHDB_NJ_distributorDB.json",
  "NJ_ReceivingHDB_NJ_OrderHDB.json",
  "NJ_ReceivingDB_NJ_ReceivingHDB.json",
  "NJ_ReceivingDB_NJ_OrderDB.json",
  "NJ_ReceivingDB_NJ_inHPItemDB.json",
  "NJ_PayoutHDB_NJ_divisionDB.json",
  "NJ_PayoutHDB_NJ_HospitalDB.json",
  "NJ_PayoutDB_NJ_PayoutHDB.json",
  "NJ_PayoutDB_NJ_inHPItemDB.json",
  "NJ_InventoryHDB_NJ_InventoryEDB.json",
  "NJ_InventoryHDB_NJ_divisionDB.json",
  "NJ_InventoryDB_NJ_InventoryHDB.json",
  "NJ_InventoryDB_NJ_inHPItemDB.json",
  "NJ_InventoryDB_NJ_distributorDB.json",
  "NJ_LotDB_NJ_ReceivingDB.json",
  "NJ_LotDB_NJ_inHPItemDB.json",
  "NJ_LotDB_NJ_ReceivingHDB.json",
  "NJ_LotDB_NJ_divisionDB.json",
  "NJ_ReturnDB_NJ_ReturnHDB.json",
  "NJ_ReturnDB_NJ_ReceivingDB.json",
  "NJ_ReturnDB_NJ_inHPItemDB.json",
  "NJ_ReturnHDB_NJ_divisionDB.json",
  "NJ_ReturnHDB_NJ_ReceivingHDB.json",
  "NJ_ReturnHDB_NJ_distributorDB.json",
  "NJ_ReturnHDB_NJ_OrderHDB.json",
  "NJ_QRequestDB_NJ_TenantAdminDB.json",
  "NJ_QRequestDB_NJ_distributorDB.json",
  "NJ_QRequestDB_NJ_HospitalDB.json",
  "NJ_TopicDB_NJ_distributorDB.json",
  "NJ_TopicDB_NJ_HospitalDB.json",
  "NJ_reqItemDB_NJ_QRequestDB.json",
  "NJ_reqItemDB_NJ_distributorDB.json"
 ],
 "exists_select":  {
  "normal":   {
   "NJ_BillingHDB": [],
   "NJ_OrderHDB": [],
   "NJ_ReturnHDB": [],
   "NJ_TopicDB": [],
   "NJ_LotDB": [],
   "NJ_contactUsDB": [],
   "NJ_InventoryDB": [],
   "NJ_PayoutDB": [],
   "NJ_distributorDB": [],
   "NJ_OrderDB": [],
   "NJ_ReceivingDB": [],
   "NJ_inHPItemDB": [],
   "NJ_divisionDB": [],
   "NJ_reqItemDB": [],
   "NJ_OUserDB": [],
   "NJ_HUserDB": [],
   "NJ_PayoutHDB": [],
   "NJ_ReceivingHDB": [],
   "NJ_itemDB": [],
   "NJ_HospitalDB": [],
   "NJ_ReturnDB": [],
   "NJ_stockDB": [],
   "NJ_QRequestDB": [],
   "NJ_BillingDB": [],
   "NJ_InventoryEDB": [],
   "NJ_InventoryHDB": [],
   "NJ_TenantAdminDB": [],
   "NJ_MasterDB": [],
   "NJ_NoticeDB": []
  },
  "view_n":   {
   "goodsBillingH": [],
   "hacchuShouhin": [],
   "receiptHDB": [],
   "stockManagement": [],
   "inventoryData": [],
   "payoutData": [],
   "billingDetail": [],
   "LotDB": [],
   "LotDBv2": [],
   "returnHistory": [],
   "inventoryByDiv": [],
   "topicsDB": [],
   "oroshiInfo": [],
   "returnData": [],
   "hospitalUserinfo": [],
   "itemInHospitalDB": [],
   "receivingdata": [],
   "requestData": [],
   "orderdataDB": []
  },
  "transaction":   {
   "NJ_comment": [],
   "NJ_reqItemTRDB": [],
   "NJ_inventoryTRDB": [],
   "NJ_inHpTrdb": [],
   "NJ_stocktakingTR": []
  }
 },
 "trigger":  {
  "normal":   {
   "NJ_BillingHDB": [],
   "NJ_OrderHDB": [],
   "NJ_ReturnHDB":    [
    "NJ_ReturnHDB_trigger_1.json",
    "NJ_ReturnHDB_trigger_2.json"
   ],
   "NJ_TopicDB": [],
   "NJ_LotDB": [],
   "NJ_contactUsDB": [],
   "NJ_InventoryDB":    [
    "NJ_InventoryDB_trigger_1.json",
    "NJ_InventoryDB_trigger_2.json",
    "NJ_InventoryDB_trigger_3.json",
    "NJ_InventoryDB_trigger_4.json",
    "NJ_InventoryDB_trigger_5.json",
    "NJ_InventoryDB_trigger_6.json"
   ],
   "NJ_PayoutDB": [],
   "NJ_distributorDB": [],
   "NJ_OrderDB": ["NJ_OrderDB_trigger_1.json"],
   "NJ_ReceivingDB": [],
   "NJ_inHPItemDB":    [
    "NJ_inHPItemDB_trigger_1.json",
    "NJ_inHPItemDB_trigger_2.json",
    "NJ_inHPItemDB_trigger_3.json",
    "NJ_inHPItemDB_trigger_4.json"
   ],
   "NJ_divisionDB": ["NJ_divisionDB_trigger_1.json"],
   "NJ_reqItemDB": [],
   "NJ_OUserDB":    [
    "NJ_OUserDB_trigger_1.json",
    "NJ_OUserDB_trigger_2.json"
   ],
   "NJ_HUserDB":    [
    "NJ_HUserDB_trigger_1.json",
    "NJ_HUserDB_trigger_2.json"
   ],
   "NJ_PayoutHDB": [],
   "NJ_ReceivingHDB":    [
    "NJ_ReceivingHDB_trigger_1.json",
    "NJ_ReceivingHDB_trigger_2.json"
   ],
   "NJ_itemDB":    [
    "NJ_itemDB_trigger_1.json",
    "NJ_itemDB_trigger_2.json"
   ],
   "NJ_HospitalDB": [],
   "NJ_ReturnDB": [],
   "NJ_stockDB":    [
    "NJ_stockDB_trigger_1.json",
    "NJ_stockDB_trigger_2.json",
    "NJ_stockDB_trigger_3.json",
    "NJ_stockDB_trigger_4.json"
   ],
   "NJ_QRequestDB": [],
   "NJ_BillingDB": [],
   "NJ_InventoryEDB": [],
   "NJ_InventoryHDB": [],
   "NJ_TenantAdminDB": [],
   "NJ_MasterDB": [],
   "NJ_NoticeDB": []
  },
  "transaction":   {
   "NJ_comment": ["NJ_comment_trigger_1.json"],
   "NJ_reqItemTRDB": [],
   "NJ_inventoryTRDB": [],
   "NJ_inHpTrdb": [],
   "NJ_stocktakingTR": []
  }
 }
}