{
 "form":  [
  "form/reqItemRec/info.json",
  "form/HpUserDelete/info.json",
  "form/hpUserCForD/info.json",
  "form/NJ_rereg/info.json",
  "form/NJ_pwc/info.json",
  "form/hpUserChange/info.json",
  "form/hpUserReg/info.json",
  "form/termsAgreement/info.json",
  "form/divisionChange/info.json",
  "form/divisionReg/info.json",
  "form/oroshiUserDelete/info.json",
  "form/oroshiUserChange/info.json",
  "form/oroshiUserReg/info.json",
  "form/NJ_oroshi_rereg/info.json",
  "form/NJ_oroshi_pwc/info.json",
  "form/OoroshiUserReg/info.json",
  "form/OtermsAgreement/info.json",
  "form/distributorChang/info.json",
  "form/distributorReg/info.json",
  "form/itemsChange/info.json",
  "form/itemReg/info.json",
  "form/inHpItemsChange/info.json",
  "form/inHpItemsReg/info.json",
  "form/quoteRequest/info.json",
  "form/topicReg/info.json",
  "form/contactUs/info.json",
  "form/reqItemsReg/info.json",
  "form/reqItemNot/info.json"
 ],
 "design_tmpl":  [
  "design_tmpl/hf000002580/info.json",
  "design_tmpl/hf000002581/info.json",
  "design_tmpl/hf000002584/info.json",
  "design_tmpl/hf000002579/info.json"
 ],
 "area":  [
  "my_area/NJ_HPLogin/info.json",
  "my_area/NJ_PassChange/info.json",
  "my_area/NJ_OUser/info.json",
  "my_area/NJ_OroPassChange/info.json",
  "my_area/NJ_MasterPage/info.json"
 ],
 "table":  [
  "table/table_mst32759/info.json",
  "table/table_mst32573/info.json",
  "table/table_mst32572/info.json",
  "table/table_mst32571/info.json",
  "table/table_mst32570/info.json",
  "table/table_mst32569/info.json",
  "table/table_mst32568/info.json",
  "table/table_mst32567/info.json",
  "table/table_mst32566/info.json",
  "table/table_mst32564/info.json",
  "table/table_mst32563/info.json",
  "table/table_mst32561/info.json",
  "table/table_mst32560/info.json",
  "table/table_mst32559/info.json",
  "table/table_mst32557/info.json",
  "table/table_mst32556/info.json",
  "table/table_mst32555/info.json",
  "table/table_mst32554/info.json",
  "table/table_mst32740/info.json",
  "table/table_mst32553/info.json",
  "table/table_mst32552/info.json",
  "table/table_mst32550/info.json",
  "table/table_mst32548/info.json",
  "table/table_mst32547/info.json",
  "table/table_mst32544/info.json",
  "table/table_mst32543/info.json",
  "table/table_mst32551/info.json",
  "table/table_mst32715/info.json",
  "table/table_mst32587/info.json",
  "table/table_mst32586/info.json",
  "table/table_mst32585/info.json",
  "table/table_mst32584/info.json",
  "table/table_mst32583/info.json",
  "table/table_mst32582/info.json",
  "table/table_mst32581/info.json",
  "table/table_mst32580/info.json",
  "table/table_mst32579/info.json",
  "table/table_mst32578/info.json",
  "table/table_mst32577/info.json",
  "table/table_mst32576/info.json",
  "table/table_mst32575/info.json",
  "table/table_mst32574/info.json",
  "table/table_mst32565/info.json",
  "table/table_mst32562/info.json",
  "table/table_mst32558/info.json",
  "table/table_mst32549/info.json",
  "table/table_mst32706/info.json",
  "table/table_mst32546/info.json",
  "table/table_mst32545/info.json"
 ],
 "totalizer": []
}